t;rdzenie_zajete_razem;rdzenie_stanowiska;rdzenie_obce;load1;psi_cpu_some_avg10
10:14:44;18.27;0.00;18.27;22.09;11.63
10:14:45;16.26;0.00;16.26;22.09;13.69
10:14:46;16.06;0.00;16.06;22.09;13.69
10:14:47;17.59;0.00;17.59;23.36;13.56
10:14:48;18.52;0.00;18.52;23.36;13.56
10:14:49;18.31;0.00;18.31;23.36;15.64
10:14:50;18.99;0.00;18.99;23.36;17.51
10:14:51;17.35;0.00;17.35;23.36;17.51
10:14:52;16.17;0.00;16.17;23.09;16.87
10:14:53;16.42;0.00;16.42;23.09;16.87
10:14:55;18.91;0.00;18.91;23.09;17.98
10:14:56;18.96;0.00;18.96;23.09;17.98
10:14:57;18.23;0.15;18.08;23.09;19.07
10:14:58;19.58;0.00;19.58;25.25;19.07
10:14:59;17.96;0.06;17.90;25.25;21.23
10:15:00;19.81;0.00;19.81;25.25;21.23
10:15:01;20.59;0.00;20.59;25.25;23.73
10:15:02;22.16;0.00;22.16;25.25;23.73
10:15:03;21.37;0.00;21.37;26.83;29.57
10:15:04;20.93;0.00;20.93;26.83;29.57
10:15:05;20.59;0.00;20.59;26.83;33.27
10:15:06;21.51;0.00;21.51;26.83;33.27
10:15:07;21.64;0.00;21.64;26.83;36.30
10:15:08;21.90;0.00;21.90;27.88;36.30
10:15:09;21.71;0.00;21.71;27.88;38.24
10:15:10;21.21;0.00;21.21;27.88;38.24
10:15:11;21.31;0.00;21.31;27.88;40.19
10:15:12;21.62;0.00;21.62;27.88;40.19
10:15:13;21.56;0.00;21.56;29.82;42.69
10:15:14;21.43;0.00;21.43;29.82;42.69
10:15:15;20.48;0.00;20.48;29.82;44.74
10:15:16;20.97;0.00;20.97;29.82;44.74
10:15:17;21.03;0.00;21.03;29.82;44.97
10:15:18;21.34;0.00;21.34;31.51;44.97
10:15:19;20.34;0.00;20.34;31.51;46.06
10:15:20;19.51;0.00;19.51;31.51;46.06
10:15:21;19.74;0.00;19.74;31.51;45.87
10:15:22;20.16;0.00;20.16;32.83;45.87
10:15:23;19.60;0.00;19.60;32.83;45.53
10:15:24;20.04;0.00;20.04;32.83;44.89
10:15:26;19.89;0.01;19.88;32.83;44.89
10:15:27;16.87;0.00;16.87;32.83;41.46
10:15:28;17.82;0.00;17.82;31.64;41.46
10:15:29;17.30;0.05;17.25;31.64;36.31
10:15:30;16.01;0.00;16.01;31.64;36.31
10:15:31;13.88;0.00;13.88;31.64;31.36
10:15:32;16.70;0.00;16.70;31.64;31.36
10:15:33;18.13;0.00;18.13;31.27;28.94
10:15:34;18.01;0.00;18.01;31.27;28.94
10:15:35;18.24;0.00;18.24;31.27;27.86
10:15:36;17.55;0.00;17.55;31.27;27.86
10:15:37;11.99;0.00;11.99;31.27;24.26
10:15:38;15.97;0.00;15.97;29.41;24.26
10:15:39;18.32;0.00;18.32;29.41;22.22
10:15:40;17.35;0.00;17.35;29.41;22.22
10:15:41;17.57;0.00;17.57;29.41;20.37
10:15:42;17.88;0.00;17.88;29.41;20.37
10:15:43;16.31;0.00;16.31;29.22;19.58
10:15:44;14.67;0.00;14.67;29.22;19.58
10:15:45;17.02;0.00;17.02;29.22;18.02
10:15:46;18.69;0.00;18.69;29.22;18.02
10:15:47;17.25;0.00;17.25;29.22;18.02
10:15:48;16.85;0.00;16.85;27.44;18.02
10:15:49;16.75;0.00;16.75;27.44;15.84
10:15:50;11.10;0.00;11.10;27.44;15.84
10:15:51;14.77;0.00;14.77;27.44;13.69
10:15:52;16.29;0.00;16.29;27.44;13.69
10:15:53;16.47;0.00;16.47;26.28;13.20
10:15:54;17.26;0.00;17.26;26.28;13.20
10:15:55;17.00;0.00;17.00;26.28;12.80
10:15:56;14.89;0.00;14.89;26.28;12.80
10:15:57;12.29;0.14;12.15;26.28;11.93
10:15:58;15.55;0.00;15.55;25.94;11.93
10:15:59;18.42;0.06;18.36;25.94;11.04
10:16:00;18.40;0.00;18.40;25.94;11.04
10:16:01;17.84;0.00;17.84;25.94;12.84
10:16:02;17.53;0.00;17.53;25.30;12.84
10:16:03;15.71;0.00;15.71;25.30;12.69
10:16:04;12.65;0.00;12.65;25.30;12.69
10:16:05;15.24;0.00;15.24;25.30;11.11
10:16:06;17.28;0.00;17.28;25.30;11.11
10:16:07;17.42;0.00;17.42;24.24;10.73
10:16:08;18.18;0.00;18.18;24.24;10.73
10:16:10;17.92;0.00;17.92;24.24;11.32
10:16:11;16.28;0.00;16.28;24.24;11.32
10:16:12;15.52;0.00;15.52;24.24;11.62
10:16:13;17.89;0.00;17.89;25.42;11.87
10:16:14;18.34;0.00;18.34;25.42;11.87
10:16:15;18.07;0.00;18.07;25.42;13.34
10:16:16;18.61;0.00;18.61;25.42;13.34
10:16:17;18.20;0.00;18.20;25.42;14.19
10:16:18;15.25;0.00;15.25;24.90;14.19
10:16:19;16.71;0.00;16.71;24.90;14.15
10:16:20;18.17;0.00;18.17;24.90;14.15
10:16:21;17.79;0.00;17.79;24.90;14.31
10:16:22;17.82;0.00;17.82;24.90;14.31
10:16:23;17.94;0.00;17.94;25.31;15.34
10:16:24;13.06;0.00;13.06;25.31;15.34
10:16:25;17.11;0.00;17.11;25.31;14.01
10:16:26;18.54;0.00;18.54;25.31;14.01
10:16:27;17.72;0.00;17.72;25.31;14.73
10:16:28;17.73;0.00;17.73;26.33;14.73
10:16:29;17.01;0.05;16.96;26.33;14.41
10:16:30;10.57;0.00;10.57;26.33;14.41
10:16:31;13.66;0.00;13.66;26.33;12.35
10:16:32;17.25;0.00;17.25;26.33;12.35
10:16:33;17.07;0.00;17.07;26.22;11.92
10:16:34;17.29;0.00;17.29;26.22;11.92
10:16:35;17.47;0.00;17.47;26.22;11.21
10:16:36;12.30;0.00;12.30;26.22;11.21
10:16:37;12.15;0.00;12.15;26.22;9.72
10:16:38;14.37;0.00;14.37;24.52;9.72
10:16:39;15.22;0.00;15.22;24.52;8.14
10:16:40;14.12;0.00;14.12;24.52;8.14
10:16:41;9.80;0.00;9.80;24.52;7.21
10:16:42;14.46;0.00;14.46;24.52;7.21
10:16:43;15.67;0.00;15.67;23.04;6.62
10:16:44;14.68;0.00;14.68;23.04;6.62
10:16:45;15.39;0.00;15.39;23.04;5.79
10:16:46;9.28;0.00;9.28;23.04;5.79
10:16:47;10.33;0.00;10.33;23.04;4.74
10:16:48;13.88;0.00;13.88;22.96;4.74
10:16:49;16.24;0.00;16.24;22.96;4.06
10:16:50;15.03;0.00;15.03;22.96;4.06
10:16:51;14.71;0.00;14.71;22.96;3.68
10:16:52;10.26;0.00;10.26;22.56;3.68
10:16:53;13.77;0.00;13.77;22.56;3.56
10:16:54;16.57;0.00;16.57;22.56;3.56
10:16:55;16.84;0.00;16.84;22.56;3.46
10:16:57;17.52;0.00;17.52;22.56;3.46
10:16:58;11.85;0.14;11.71;21.23;4.28
10:16:59;14.57;0.00;14.57;21.23;4.28
10:17:00;16.83;0.05;16.78;21.23;4.59
10:17:01;16.87;0.00;16.87;21.23;4.59
10:17:02;17.25;0.00;17.25;21.23;4.48
10:17:03;15.72;0.00;15.72;21.45;4.48
10:17:04;10.40;0.00;10.40;21.45;4.58
10:17:05;14.04;0.00;14.04;21.45;4.11
10:17:06;16.38;0.00;16.38;21.45;4.11
10:17:07;17.25;0.00;17.25;21.45;4.45
10:17:08;16.55;0.00;16.55;21.42;4.45
10:17:09;14.80;0.00;14.80;21.42;4.73
10:17:10;12.39;0.00;12.39;21.42;4.73
10:17:11;15.02;0.00;15.02;21.42;4.42
10:17:12;16.46;0.00;16.46;21.42;4.42
10:17:13;16.99;0.00;16.99;20.82;5.25
10:17:14;17.17;0.00;17.17;20.82;5.25
10:17:15;16.04;0.00;16.04;20.82;5.93
10:17:16;11.70;0.00;11.70;20.82;5.93
10:17:17;14.53;0.00;14.53;20.82;5.94
10:17:18;16.47;0.00;16.47;20.68;5.94
10:17:19;15.96;0.00;15.96;20.68;6.13
10:17:20;16.02;0.00;16.02;20.68;6.13
10:17:21;13.83;0.00;13.83;20.68;6.11
10:17:22;10.96;0.00;10.96;20.68;6.11
10:17:23;14.36;0.00;14.36;19.50;5.54
10:17:24;15.56;0.00;15.56;19.50;5.54
10:17:25;16.70;0.00;16.70;19.50;5.99
10:17:26;16.50;0.00;16.50;19.50;5.99
10:17:27;14.00;0.00;14.00;19.50;5.99
10:17:28;12.45;0.00;12.45;18.50;5.99
10:17:29;15.07;0.05;15.02;18.50;5.81
10:17:30;17.28;0.00;17.28;18.50;5.81
10:17:31;17.50;0.00;17.50;18.50;7.65
10:17:32;17.14;0.00;17.14;18.50;7.65
10:17:33;17.16;0.00;17.16;18.54;9.35
10:17:34;13.96;0.00;13.96;18.54;9.35
10:17:35;15.53;0.00;15.53;18.54;9.83
10:17:36;17.53;0.00;17.53;18.54;9.83
10:17:37;17.83;0.00;17.83;18.54;10.94
10:17:38;18.17;0.00;18.17;19.30;10.94
10:17:39;17.89;0.00;17.89;19.30;14.58
10:17:40;17.80;0.00;17.80;19.30;14.58
10:17:41;17.17;0.00;17.17;19.30;17.19
10:17:43;18.77;0.00;18.77;20.56;17.19
10:17:44;18.28;0.00;18.28;20.56;19.15
10:17:45;18.72;0.00;18.72;20.56;19.15
10:17:46;18.62;0.00;18.62;20.56;22.20
10:17:47;18.22;0.00;18.22;20.56;22.20
10:17:48;18.11;0.00;18.11;19.95;25.06
10:17:49;18.18;0.00;18.18;19.95;25.06
10:17:50;17.80;0.00;17.80;19.95;27.22
10:17:51;17.86;0.00;17.86;19.95;27.22
10:17:52;18.23;0.00;18.23;19.95;28.09
10:17:53;19.00;0.00;19.00;21.40;29.16
10:17:54;18.95;0.00;18.95;21.40;29.16
10:17:55;18.70;0.00;18.70;21.40;30.58
10:17:56;18.52;0.00;18.52;21.40;30.58
10:17:57;19.19;0.16;19.03;21.40;31.92
10:17:58;18.47;0.00;18.47;23.13;31.92
10:17:59;17.41;0.06;17.35;23.13;31.57
10:18:00;17.91;0.00;17.91;23.13;31.57
10:18:01;18.13;0.00;18.13;23.13;31.65
10:18:02;18.94;0.00;18.94;23.13;31.65
10:18:03;18.59;0.00;18.59;23.60;32.26
10:18:04;18.53;0.00;18.53;23.60;32.26
10:18:05;18.52;0.00;18.52;23.60;32.57
10:18:06;18.29;0.00;18.29;23.60;32.57
10:18:07;17.93;0.00;17.93;23.60;33.19
10:18:08;18.16;0.00;18.16;25.15;33.19
10:18:09;18.94;0.00;18.94;25.15;32.97
10:18:10;19.11;0.00;19.11;25.15;32.97
10:18:11;18.94;0.00;18.94;25.15;34.25
10:18:12;19.28;0.00;19.28;25.15;34.25
10:18:13;19.32;0.00;19.32;27.14;35.11
10:18:14;19.25;0.00;19.25;27.14;35.11
10:18:15;19.17;0.00;19.17;27.14;36.17
10:18:16;18.50;0.00;18.50;27.14;36.17
10:18:18;18.68;0.00;18.68;26.89;35.60
10:18:19;19.15;0.00;19.15;26.89;35.60
10:18:20;18.81;0.00;18.81;26.89;35.13
10:18:21;19.50;0.00;19.50;26.89;35.13
10:18:22;18.57;0.00;18.57;26.89;35.83
10:18:23;19.13;0.00;19.13;29.14;35.83
10:18:24;18.70;0.00;18.70;29.14;36.04
10:18:25;18.55;0.00;18.55;29.14;36.04
10:18:26;18.25;0.00;18.25;29.14;35.31
10:18:27;18.34;0.00;18.34;29.14;35.31
10:18:28;19.35;0.00;19.35;29.77;34.34
10:18:29;18.95;0.00;18.95;29.77;34.34
10:18:30;19.10;0.06;19.04;29.77;34.64
10:18:31;18.50;0.00;18.50;29.77;34.89
10:18:32;18.79;0.00;18.79;29.77;34.89
10:18:33;17.75;0.00;17.75;29.71;34.36
10:18:34;17.95;0.00;17.95;29.71;34.36
10:18:35;18.37;0.00;18.37;29.71;33.75
10:18:36;18.67;0.00;18.67;29.71;33.75
10:18:37;18.56;0.00;18.56;29.71;34.88
10:18:38;18.76;0.00;18.76;31.49;34.88
10:18:39;18.10;0.00;18.10;31.49;35.81
10:18:40;18.65;0.00;18.65;31.49;35.81
10:18:41;17.12;0.00;17.12;31.49;36.39
10:18:42;20.95;0.00;20.95;31.49;36.39
10:18:43;22.88;0.00;22.88;34.10;39.40
10:18:44;22.03;0.00;22.03;34.10;39.40
10:18:45;18.58;0.00;18.58;34.10;39.32
10:18:46;19.60;0.00;19.60;34.10;39.32
10:18:47;22.37;0.00;22.37;34.10;41.80
10:18:48;23.17;0.00;23.17;37.45;41.80
10:18:49;20.59;0.00;20.59;37.45;44.37
10:18:50;19.24;0.00;19.24;37.45;44.37
10:18:52;18.38;0.00;18.38;37.45;43.40
10:18:53;19.04;0.00;19.04;35.65;43.40
10:18:54;21.91;0.00;21.91;35.65;42.42
10:18:55;19.26;0.00;19.26;35.65;42.42
10:18:56;18.87;0.00;18.87;35.65;43.61
10:18:57;18.88;0.00;18.88;35.65;43.61
10:18:58;21.50;0.17;21.33;37.60;43.68
10:18:59;20.62;0.00;20.62;37.60;43.68
10:19:00;19.12;0.05;19.07;37.60;45.73
10:19:01;19.01;0.00;19.01;37.60;45.73
10:19:02;17.67;0.00;17.67;37.60;44.87
10:19:03;17.71;0.00;17.71;37.32;44.87
10:19:04;18.55;0.00;18.55;37.32;42.36
10:19:05;18.55;0.00;18.55;37.32;42.36
10:19:06;18.76;0.00;18.76;37.32;41.75
10:19:07;18.62;0.00;18.62;37.32;41.97
10:19:08;18.91;0.00;18.91;36.57;41.97
10:19:09;18.72;0.00;18.72;36.57;41.25
10:19:10;18.97;0.00;18.97;36.57;41.25
10:19:11;20.04;0.00;20.04;36.57;41.75
10:19:12;18.06;0.00;18.06;36.57;41.75
10:19:13;18.29;0.00;18.29;35.72;40.16
10:19:14;17.95;0.00;17.95;35.72;40.16
10:19:15;20.06;0.00;20.06;35.72;39.77
10:19:16;18.85;0.00;18.85;35.72;39.77
10:19:17;18.39;0.00;18.39;35.72;39.27
10:19:18;18.68;0.00;18.68;36.95;39.27
10:19:19;19.12;0.00;19.12;36.95;38.49
10:19:20;18.20;0.00;18.20;36.95;38.49
10:19:21;16.75;0.00;16.75;36.95;37.14
10:19:22;17.20;0.00;17.20;36.95;37.14
10:19:23;17.96;0.00;17.96;36.39;35.48
10:19:24;17.56;0.00;17.56;36.39;35.48
10:19:25;15.27;0.00;15.27;36.39;33.58
10:19:26;16.41;0.00;16.41;36.39;33.58
10:19:27;18.31;0.00;18.31;36.39;32.21
10:19:29;18.54;0.00;18.54;36.76;32.21
10:19:30;18.09;0.06;18.03;36.76;33.07
10:19:31;18.25;0.00;18.25;36.76;33.07
10:19:32;18.91;0.00;18.91;36.76;33.06
10:19:33;18.87;0.00;18.87;37.02;33.06
10:19:34;18.53;0.00;18.53;37.02;33.77
10:19:35;18.84;0.00;18.84;37.02;33.77
10:19:36;18.76;0.00;18.76;37.02;35.08
10:19:37;18.24;0.00;18.24;37.02;35.08
10:19:38;19.17;0.00;19.17;37.58;35.61
10:19:39;18.54;0.00;18.54;37.58;35.61
10:19:40;18.83;0.00;18.83;37.58;36.40
10:19:41;18.32;0.00;18.32;37.58;36.40
10:19:42;18.58;0.00;18.58;37.58;36.69
10:19:43;18.43;0.00;18.43;39.21;36.69
10:19:44;18.44;0.00;18.44;39.21;36.93
10:19:45;18.25;0.00;18.25;39.21;36.93
10:19:46;18.33;0.00;18.33;39.21;36.94
10:19:47;18.35;0.00;18.35;39.21;36.94
10:19:48;17.90;0.00;17.90;38.80;36.77
10:19:49;17.88;0.00;17.88;38.80;35.90
10:19:50;18.17;0.00;18.17;38.80;35.90
10:19:51;18.06;0.00;18.06;38.80;35.01
10:19:52;18.40;0.00;18.40;38.80;35.01
10:19:53;18.33;0.00;18.33;38.01;35.19
10:19:54;18.72;0.00;18.72;38.01;35.19
10:19:55;18.81;0.00;18.81;38.01;34.79
10:19:56;18.74;0.00;18.74;38.01;34.79
10:19:57;18.15;0.15;18.00;38.01;35.74
10:19:58;16.50;0.01;16.49;35.93;35.74
10:19:59;17.18;0.05;17.13;35.93;33.79
10:20:00;18.22;0.00;18.22;35.93;33.79
10:20:01;17.67;0.00;17.67;35.93;33.46
10:20:02;16.25;0.00;16.25;35.93;33.46
10:20:03;17.10;0.00;17.10;35.21;30.48
10:20:04;18.36;0.00;18.36;35.21;30.48
10:20:05;18.07;0.00;18.07;35.21;30.39
10:20:06;17.58;0.00;17.58;35.21;30.39
10:20:07;18.03;0.00;18.03;35.21;30.14
10:20:09;17.83;0.00;17.83;33.75;30.14
10:20:10;17.44;0.00;17.44;33.75;30.29
10:20:11;18.42;0.00;18.42;33.75;30.29
10:20:12;18.47;0.00;18.47;33.75;30.06
10:20:13;18.31;0.00;18.31;34.98;30.06
10:20:14;18.47;0.00;18.47;34.98;30.41
10:20:15;18.13;0.00;18.13;34.98;30.41
10:20:16;18.20;0.00;18.20;34.98;30.88
10:20:17;19.11;0.00;19.11;34.98;30.88
10:20:18;18.41;0.00;18.41;34.42;31.81
10:20:19;19.06;0.00;19.06;34.42;31.81
10:20:20;18.41;0.00;18.41;34.42;32.20
10:20:21;18.79;0.00;18.79;34.42;32.20
10:20:22;18.64;0.00;18.64;34.42;33.07
10:20:23;18.73;0.00;18.73;33.98;33.07
10:20:24;18.43;0.00;18.43;33.98;33.42
10:20:25;18.79;0.00;18.79;33.98;33.42
10:20:26;19.06;0.00;19.06;33.98;33.52
10:20:27;19.05;0.00;19.05;33.98;33.52
10:20:28;18.55;0.00;18.55;35.67;34.88
10:20:29;18.75;0.00;18.75;35.67;35.08
10:20:30;18.96;0.05;18.91;35.67;35.08
10:20:31;18.66;0.00;18.66;35.67;36.15
10:20:32;18.69;0.00;18.69;35.67;36.15
10:20:33;18.27;0.00;18.27;35.29;36.49
10:20:34;18.32;0.00;18.32;35.29;36.49
10:20:35;18.31;0.00;18.31;35.29;36.76
10:20:36;17.20;0.00;17.20;35.29;36.76
10:20:37;17.15;0.00;17.15;35.29;34.81
10:20:38;17.99;0.00;17.99;35.43;34.81
10:20:39;18.35;0.00;18.35;35.43;34.30
10:20:40;18.23;0.00;18.23;35.43;34.30
10:20:41;18.46;0.00;18.46;35.43;34.06
10:20:42;18.69;0.00;18.69;35.43;34.06
10:20:43;17.87;0.00;17.87;35.31;33.51
10:20:44;19.00;0.00;19.00;35.31;33.51
10:20:45;18.65;0.00;18.65;35.31;33.05
10:20:47;18.21;0.00;18.21;35.31;33.05
10:20:48;18.84;0.00;18.84;35.31;32.50
10:20:49;18.25;0.00;18.25;34.09;32.50
10:20:50;18.08;0.00;18.08;34.09;31.68
10:20:51;18.58;0.00;18.58;34.09;31.68
10:20:52;17.44;0.00;17.44;34.09;31.19
10:20:53;19.22;0.00;19.22;34.72;31.19
10:20:54;18.83;0.00;18.83;34.72;31.34
10:20:55;19.08;0.00;19.08;34.72;31.34
10:20:56;18.99;0.00;18.99;34.72;32.36
10:20:57;19.29;0.00;19.29;34.72;32.36
10:20:58;19.35;0.17;19.18;33.54;33.38
10:20:59;19.50;0.00;19.50;33.54;33.38
10:21:00;18.97;0.06;18.91;33.54;34.22
10:21:01;18.93;0.00;18.93;33.54;34.22
10:21:02;18.83;0.00;18.83;33.54;34.90
10:21:03;18.89;0.00;18.89;34.14;34.90
10:21:04;18.81;0.00;18.81;34.14;35.10
10:21:05;19.19;0.00;19.19;34.14;35.10
10:21:06;19.39;0.00;19.39;34.14;35.81
10:21:07;18.93;0.00;18.93;34.14;35.81
10:21:08;19.11;0.00;19.11;34.29;36.20
10:21:09;19.06;0.00;19.06;34.29;36.20
10:21:10;18.82;0.00;18.82;34.29;36.53
10:21:11;18.82;0.00;18.82;34.29;36.53
10:21:12;18.98;0.00;18.98;34.29;36.98
10:21:13;18.84;0.00;18.84;34.83;36.62
10:21:14;18.79;0.00;18.79;34.83;36.62
10:21:15;19.08;0.00;19.08;34.83;37.05
10:21:16;19.08;0.00;19.08;34.83;37.05
10:21:17;18.72;0.00;18.72;34.83;37.58
10:21:18;18.74;0.00;18.74;33.96;37.58
10:21:19;18.16;0.00;18.16;33.96;37.29
10:21:20;18.83;0.00;18.83;33.96;37.29
10:21:21;18.57;0.00;18.57;33.96;36.88
10:21:22;18.23;0.00;18.23;33.96;36.88
10:21:23;18.33;0.00;18.33;34.44;37.08
10:21:24;18.83;0.00;18.83;34.44;37.08
10:21:26;18.76;0.00;18.76;34.44;36.70
10:21:27;16.65;0.00;16.65;34.44;36.70
10:21:28;16.32;0.00;16.32;34.44;33.68
10:21:29;18.01;0.00;18.01;33.77;33.68
10:21:30;18.33;0.06;18.27;33.77;33.19
10:21:31;18.32;0.00;18.32;33.77;33.19
10:21:32;18.74;0.00;18.74;33.77;34.24
10:21:33;18.45;0.00;18.45;34.51;34.24
10:21:34;18.64;0.00;18.64;34.51;35.10
10:21:35;18.69;0.00;18.69;34.51;35.10
10:21:36;18.37;0.00;18.37;34.51;35.81
10:21:37;18.27;0.00;18.27;34.51;35.81
10:21:38;17.97;0.00;17.97;35.43;36.02
10:21:39;18.05;0.00;18.05;35.43;36.02
10:21:40;18.14;0.00;18.14;35.43;36.02
10:21:41;18.11;0.00;18.11;35.43;36.02
10:21:42;18.07;0.00;18.07;35.43;36.38
10:21:43;18.30;0.00;18.30;36.19;36.38
10:21:44;18.34;0.00;18.34;36.19;36.67
10:21:45;18.07;0.00;18.07;36.19;36.67
10:21:46;18.26;0.00;18.26;36.19;36.73
10:21:47;18.34;0.00;18.34;36.19;36.73
10:21:48;18.38;0.00;18.38;35.46;36.96
